{
  "uvs": [[]],
  "faces": [
    32,
    1,
    2,
    6,
    0,
    1,
    2,
    32,
    1,
    7,
    2,
    3,
    4,
    5,
    32,
    3,
    4,
    5,
    6,
    7,
    8,
    32,
    4,
    3,
    8,
    9,
    10,
    11,
    32,
    6,
    5,
    11,
    12,
    13,
    14,
    32,
    5,
    6,
    10,
    15,
    16,
    17,
    32,
    9,
    10,
    2,
    18,
    19,
    20,
    32,
    10,
    9,
    3,
    21,
    22,
    23,
    32,
    7,
    8,
    9,
    24,
    25,
    26,
    32,
    8,
    7,
    0,
    27,
    28,
    29,
    32,
    11,
    0,
    1,
    30,
    31,
    32,
    32,
    0,
    11,
    4,
    33,
    34,
    35,
    32,
    6,
    2,
    10,
    36,
    37,
    38,
    32,
    1,
    6,
    11,
    39,
    40,
    41,
    32,
    3,
    5,
    10,
    42,
    43,
    44,
    32,
    5,
    4,
    11,
    45,
    46,
    47,
    32,
    2,
    7,
    9,
    48,
    49,
    50,
    32,
    7,
    1,
    0,
    51,
    52,
    53,
    32,
    3,
    9,
    8,
    54,
    55,
    56,
    32,
    4,
    8,
    0,
    57,
    58,
    59,
    32,
    13,
    14,
    18,
    60,
    61,
    62,
    32,
    13,
    19,
    14,
    63,
    64,
    65,
    32,
    15,
    16,
    17,
    66,
    67,
    68,
    32,
    16,
    15,
    20,
    69,
    70,
    71,
    32,
    18,
    17,
    23,
    72,
    73,
    74,
    32,
    17,
    18,
    22,
    75,
    76,
    77,
    32,
    21,
    22,
    14,
    78,
    79,
    80,
    32,
    22,
    21,
    15,
    81,
    82,
    83,
    32,
    19,
    20,
    21,
    84,
    85,
    86,
    32,
    20,
    19,
    12,
    87,
    88,
    89,
    32,
    23,
    12,
    13,
    90,
    91,
    92,
    32,
    12,
    23,
    16,
    93,
    94,
    95,
    32,
    18,
    14,
    22,
    96,
    97,
    98,
    32,
    13,
    18,
    23,
    99,
    100,
    101,
    32,
    15,
    17,
    22,
    102,
    103,
    104,
    32,
    17,
    16,
    23,
    105,
    106,
    107,
    32,
    14,
    19,
    21,
    108,
    109,
    110,
    32,
    19,
    13,
    12,
    111,
    112,
    113,
    32,
    15,
    21,
    20,
    114,
    115,
    116,
    32,
    16,
    20,
    12,
    117,
    118,
    119
  ],
  "vertices": [
    0.0,
    -0.52573103,
    0.85065103,
    0.85065103,
    0.0,
    0.52573103,
    0.85065103,
    0.0,
    -0.52573103,
    -0.85065103,
    0.0,
    -0.52573103,
    -0.85065103,
    0.0,
    0.52573103,
    -0.52573103,
    0.85065103,
    0.0,
    0.52573103,
    0.85065103,
    0.0,
    0.52573103,
    -0.85065103,
    0.0,
    -0.52573103,
    -0.85065103,
    0.0,
    0.0,
    -0.52573103,
    -0.85065103,
    0.0,
    0.52573103,
    -0.85065103,
    0.0,
    0.52573103,
    0.85065103,
    0.0,
    -0.52573103,
    0.85065103,
    0.85065103,
    0.0,
    0.52573103,
    0.85065103,
    0.0,
    -0.52573103,
    -0.85065103,
    0.0,
    -0.52573103,
    -0.85065103,
    0.0,
    0.52573103,
    -0.52573103,
    0.85065103,
    0.0,
    0.52573103,
    0.85065103,
    0.0,
    0.52573103,
    -0.85065103,
    0.0,
    -0.52573103,
    -0.85065103,
    0.0,
    0.0,
    -0.52573103,
    -0.85065103,
    0.0,
    0.52573103,
    -0.85065103,
    0.0,
    0.52573103,
    0.85065103
  ],
  "materials": [],
  "normals": [
    0.93417227,
    0.35682225,
    0.0,
    0.93417227,
    0.35682225,
    0.0,
    0.93417233,
    0.35682228,
    0.0,
    0.93417227,
    -0.35682228,
    0.0,
    0.93417221,
    -0.35682234,
    0.0,
    0.93417227,
    -0.35682228,
    0.0,
    -0.93417227,
    0.35682225,
    0.0,
    -0.93417227,
    0.35682225,
    0.0,
    -0.93417233,
    0.35682228,
    0.0,
    -0.93417227,
    -0.35682225,
    0.0,
    -0.93417227,
    -0.35682225,
    0.0,
    -0.93417233,
    -0.35682228,
    0.0,
    0.0,
    0.93417227,
    0.35682225,
    0.0,
    0.93417227,
    0.35682225,
    0.0,
    0.93417233,
    0.35682228,
    0.0,
    0.93417227,
    -0.35682225,
    0.0,
    0.93417227,
    -0.35682225,
    0.0,
    0.93417233,
    -0.35682228,
    0.35682225,
    0.0,
    -0.93417227,
    0.35682225,
    0.0,
    -0.93417227,
    0.35682228,
    0.0,
    -0.93417233,
    -0.35682225,
    0.0,
    -0.93417227,
    -0.35682225,
    0.0,
    -0.93417227,
    -0.35682228,
    0.0,
    -0.93417233,
    0.0,
    -0.93417227,
    -0.35682225,
    0.0,
    -0.93417227,
    -0.35682225,
    0.0,
    -0.93417233,
    -0.35682228,
    0.0,
    -0.93417227,
    0.35682225,
    0.0,
    -0.93417227,
    0.35682225,
    0.0,
    -0.93417233,
    0.35682228,
    0.35682225,
    0.0,
    0.93417227,
    0.35682225,
    0.0,
    0.93417227,
    0.35682228,
    0.0,
    0.93417233,
    -0.35682225,
    0.0,
    0.93417227,
    -0.35682225,
    0.0,
    0.93417227,
    -0.35682228,
    0.0,
    0.93417233,
    0.57735026,
    0.5773502,
    -0.57735026,
    0.57735026,
    0.5773502,
    -0.57735026,
    0.57735026,
    0.5773502,
    -0.57735026,
    0.57735026,
    0.57735026,
    0.5773502,
    0.57735026,
    0.57735026,
    0.5773502,
    0.57735026,
    0.57735026,
    0.5773502,
    -0.57735026,
    0.57735026,
    -0.5773502,
    -0.57735026,
    0.57735026,
    -0.5773502,
    -0.57735026,
    0.57735026,
    -0.5773502,
    -0.57735026,
    0.5773502,
    0.57735026,
    -0.57735026,
    0.5773502,
    0.57735026,
    -0.57735026,
    0.5773502,
    0.57735026,
    0.57735026,
    -0.57735026,
    -0.5773502,
    0.57735026,
    -0.57735026,
    -0.5773502,
    0.57735026,
    -0.57735026,
    -0.5773502,
    0.57735026,
    -0.5773502,
    0.57735026,
    0.57735026,
    -0.5773502,
    0.57735026,
    0.57735026,
    -0.5773502,
    0.57735026,
    -0.5773502,
    -0.57735026,
    -0.57735026,
    -0.5773502,
    -0.57735026,
    -0.57735026,
    -0.5773502,
    -0.57735026,
    -0.57735026,
    -0.57735026,
    -0.57735026,
    0.5773502,
    -0.57735026,
    -0.57735026,
    0.5773502,
    -0.57735026,
    -0.57735026,
    0.5773502,
    0.93417227,
    0.35682225,
    0.0,
    0.93417227,
    0.35682225,
    0.0,
    0.93417233,
    0.35682228,
    0.0,
    0.93417227,
    -0.35682228,
    0.0,
    0.93417221,
    -0.35682234,
    0.0,
    0.93417227,
    -0.35682228,
    0.0,
    -0.93417227,
    0.35682225,
    0.0,
    -0.93417227,
    0.35682225,
    0.0,
    -0.93417233,
    0.35682228,
    0.0,
    -0.93417227,
    -0.35682225,
    0.0,
    -0.93417227,
    -0.35682225,
    0.0,
    -0.93417233,
    -0.35682228,
    0.0,
    0.0,
    0.93417227,
    0.35682225,
    0.0,
    0.93417227,
    0.35682225,
    0.0,
    0.93417233,
    0.35682228,
    0.0,
    0.93417227,
    -0.35682225,
    0.0,
    0.93417227,
    -0.35682225,
    0.0,
    0.93417233,
    -0.35682228,
    0.35682225,
    0.0,
    -0.93417227,
    0.35682225,
    0.0,
    -0.93417227,
    0.35682228,
    0.0,
    -0.93417233,
    -0.35682225,
    0.0,
    -0.93417227,
    -0.35682225,
    0.0,
    -0.93417227,
    -0.35682228,
    0.0,
    -0.93417233,
    0.0,
    -0.93417227,
    -0.35682225,
    0.0,
    -0.93417227,
    -0.35682225,
    0.0,
    -0.93417233,
    -0.35682228,
    0.0,
    -0.93417227,
    0.35682225,
    0.0,
    -0.93417227,
    0.35682225,
    0.0,
    -0.93417233,
    0.35682228,
    0.35682225,
    0.0,
    0.93417227,
    0.35682225,
    0.0,
    0.93417227,
    0.35682228,
    0.0,
    0.93417233,
    -0.35682225,
    0.0,
    0.93417227,
    -0.35682225,
    0.0,
    0.93417227,
    -0.35682228,
    0.0,
    0.93417233,
    0.57735026,
    0.5773502,
    -0.57735026,
    0.57735026,
    0.5773502,
    -0.57735026,
    0.57735026,
    0.5773502,
    -0.57735026,
    0.57735026,
    0.57735026,
    0.5773502,
    0.57735026,
    0.57735026,
    0.5773502,
    0.57735026,
    0.57735026,
    0.5773502,
    -0.57735026,
    0.57735026,
    -0.5773502,
    -0.57735026,
    0.57735026,
    -0.5773502,
    -0.57735026,
    0.57735026,
    -0.5773502,
    -0.57735026,
    0.5773502,
    0.57735026,
    -0.57735026,
    0.5773502,
